{"val_categorical_accuracy": [0.23523149080574512, 0.36535234190523624, 0.40035395696759224, 0.526908453553915, 0.4311624504625797], "loss": [3.033338278532028, 2.385561853647232, 2.2838639467954636, 2.2376736402511597, 2.162809133529663], "categorical_accuracy": [0.21454745437949896, 0.3089044503867626, 0.42707080766558647, 0.42655257880687714, 0.5440714173018932], "val_loss": [2.435577303171158, 2.294258251786232, 2.2560804784297943, 2.1648058891296387, 2.1385864466428757]}