{"val_categorical_accuracy": [0.8342084363774136, 0.8424723118812114, 0.8505800436208913], "loss": [0.4598087348678583, 0.42802571255454896, 0.4092176976560952], "categorical_accuracy": [0.8181913923835563, 0.8307323605194874, 0.8393630626322092], "val_loss": [0.41819647429007534, 0.4028806908639265, 0.38405360876181927]}